{
  "rows": [
    {
      "case": "d8_gaussian",
      "n": 3000,
      "d": 8,
      "m": 500000,
      "algorithm": "LSH L100 K3 w3 m2k",
      "query_ms": 45.38166809082031,
      "build_ms": 360.20463705062866,
      "params": {
        "L": 100,
        "K": 3,
        "w": 3.0,
        "max_cands": 2000
      }
    },
    {
      "case": "d128_gaussian",
      "n": 2000,
      "d": 128,
      "m": 250000,
      "algorithm": "LSH L64 K3 w0 m800",
      "query_ms": 97.34823608398438,
      "build_ms": 77.18988507986069,
      "params": {
        "L": 64,
        "K": 3,
        "w": 0.0,
        "max_cands": 800
      }
    },
    {
      "case": "fashion784",
      "n": 300,
      "d": 784,
      "m": 60000,
      "algorithm": "LSH L64 K3 w0 m800",
      "query_ms": 125.53768310546874,
      "build_ms": 50.25789886713028,
      "params": {
        "L": 64,
        "K": 3,
        "w": 0.0,
        "max_cands": 800
      }
    }
  ]
}